dataset,split_seed,tag,preprocess,feature,classifier,accuracy,precision,recall,f1,train_time_sec,inference_time_sec,n_train,n_test,model_path,confusion_path
oxford_pets,0,sweep_numpy__img-none__vec-none__feat-hog__clf-random_forest__hp-rfN200_dnone,none,hog,random_forest,0.07413464159171436,0.07349198825754616,0.07428279242894258,0.07248969508986246,7.773286999901757,0.07714162487536669,3680,3669,experiments/artifacts_task4/model_oxford_pets_0_sweep_numpy__img-none__vec-none__feat-hog__clf-random_forest__hp-rfN200_dnone.joblib,experiments/artifacts_task4/confusion_oxford_pets_0_sweep_numpy__img-none__vec-none__feat-hog__clf-random_forest__hp-rfN200_dnone.json
oxford_pets,0,sweep_numpy__img-none__vec-none__feat-hog__clf-random_forest__hp-rfN200_d20,none,hog,random_forest,0.07495230307985827,0.07167114145617633,0.07504549045968184,0.07195962837285762,6.935442624846473,0.048617874970659614,3680,3669,experiments/artifacts_task4/model_oxford_pets_0_sweep_numpy__img-none__vec-none__feat-hog__clf-random_forest__hp-rfN200_d20.joblib,experiments/artifacts_task4/confusion_oxford_pets_0_sweep_numpy__img-none__vec-none__feat-hog__clf-random_forest__hp-rfN200_d20.json
oxford_pets,0,sweep_numpy__img-none__vec-none__feat-hog__clf-random_forest__hp-rfN500_dnone,none,hog,random_forest,0.08885254837830471,0.0867255134835897,0.08907983886165614,0.08581189905652338,15.968468124978244,0.1401567910797894,3680,3669,experiments/artifacts_task4/model_oxford_pets_0_sweep_numpy__img-none__vec-none__feat-hog__clf-random_forest__hp-rfN500_dnone.joblib,experiments/artifacts_task4/confusion_oxford_pets_0_sweep_numpy__img-none__vec-none__feat-hog__clf-random_forest__hp-rfN500_dnone.json
oxford_pets,0,sweep_numpy__img-none__vec-none__feat-hog__clf-random_forest__hp-rfN500_d20,none,hog,random_forest,0.09239574816026165,0.08914083514585522,0.0925844415235622,0.08741101392353375,13.196301332907751,0.13748045801185071,3680,3669,experiments/artifacts_task4/model_oxford_pets_0_sweep_numpy__img-none__vec-none__feat-hog__clf-random_forest__hp-rfN500_d20.joblib,experiments/artifacts_task4/confusion_oxford_pets_0_sweep_numpy__img-none__vec-none__feat-hog__clf-random_forest__hp-rfN500_d20.json
oxford_pets,0,sweep_numpy__img-none__vec-none__feat-hog__clf-svm_linear__hp-svmC0p1,none,hog,svm_linear,0.0975742709185064,0.09794440163089865,0.09758859396512257,0.09648087746336576,6.257766917115077,5.194606374949217,3680,3669,experiments/artifacts_task4/model_oxford_pets_0_sweep_numpy__img-none__vec-none__feat-hog__clf-svm_linear__hp-svmC0p1.joblib,experiments/artifacts_task4/confusion_oxford_pets_0_sweep_numpy__img-none__vec-none__feat-hog__clf-svm_linear__hp-svmC0p1.json
oxford_pets,0,sweep_numpy__img-none__vec-none__feat-hog__clf-svm_linear__hp-svmC1p0,none,hog,svm_linear,0.0872172254020169,0.08698472765246669,0.08716067307328414,0.08621141142403008,6.3670657919719815,5.267009916016832,3680,3669,experiments/artifacts_task4/model_oxford_pets_0_sweep_numpy__img-none__vec-none__feat-hog__clf-svm_linear__hp-svmC1p0.joblib,experiments/artifacts_task4/confusion_oxford_pets_0_sweep_numpy__img-none__vec-none__feat-hog__clf-svm_linear__hp-svmC1p0.json
oxford_pets,0,sweep_numpy__img-none__vec-none__feat-hog__clf-svm_linear__hp-svmC10p0,none,hog,svm_linear,0.0872172254020169,0.08698472765246669,0.08716067307328414,0.08621141142403008,6.366392000112683,5.424218999920413,3680,3669,experiments/artifacts_task4/model_oxford_pets_0_sweep_numpy__img-none__vec-none__feat-hog__clf-svm_linear__hp-svmC10p0.joblib,experiments/artifacts_task4/confusion_oxford_pets_0_sweep_numpy__img-none__vec-none__feat-hog__clf-svm_linear__hp-svmC10p0.json
oxford_pets,0,sweep_numpy__img-none__vec-none__feat-hog__clf-svm_rbf__hp-rbfC0p1_gscale,none,hog,svm_rbf,0.09076042518397383,0.07954104767123567,0.09029084952038403,0.07764060253540644,6.789918167050928,15.169274125015363,3680,3669,experiments/artifacts_task4/model_oxford_pets_0_sweep_numpy__img-none__vec-none__feat-hog__clf-svm_rbf__hp-rbfC0p1_gscale.joblib,experiments/artifacts_task4/confusion_oxford_pets_0_sweep_numpy__img-none__vec-none__feat-hog__clf-svm_rbf__hp-rbfC0p1_gscale.json
oxford_pets,0,sweep_numpy__img-none__vec-none__feat-hog__clf-svm_rbf__hp-rbfC0p1_g0p01,none,hog,svm_rbf,0.08122104115562824,0.07512190843025987,0.08088930856186072,0.07032653426297679,6.793308707885444,14.789562083082274,3680,3669,experiments/artifacts_task4/model_oxford_pets_0_sweep_numpy__img-none__vec-none__feat-hog__clf-svm_rbf__hp-rbfC0p1_g0p01.joblib,experiments/artifacts_task4/confusion_oxford_pets_0_sweep_numpy__img-none__vec-none__feat-hog__clf-svm_rbf__hp-rbfC0p1_g0p01.json
oxford_pets,0,sweep_numpy__img-none__vec-none__feat-hog__clf-svm_rbf__hp-rbfC0p1_g0p1,none,hog,svm_rbf,0.09048787135459253,0.1139318592006547,0.08987913806533387,0.06745574053342357,6.825056333094835,15.26090620784089,3680,3669,experiments/artifacts_task4/model_oxford_pets_0_sweep_numpy__img-none__vec-none__feat-hog__clf-svm_rbf__hp-rbfC0p1_g0p1.joblib,experiments/artifacts_task4/confusion_oxford_pets_0_sweep_numpy__img-none__vec-none__feat-hog__clf-svm_rbf__hp-rbfC0p1_g0p1.json
oxford_pets,0,sweep_numpy__img-none__vec-none__feat-hog__clf-svm_rbf__hp-rbfC1p0_gscale,none,hog,svm_rbf,0.10629599345870809,0.10304493075520155,0.10632780799566058,0.10178868736217427,6.8109607910737395,15.459735082928091,3680,3669,experiments/artifacts_task4/model_oxford_pets_0_sweep_numpy__img-none__vec-none__feat-hog__clf-svm_rbf__hp-rbfC1p0_gscale.joblib,experiments/artifacts_task4/confusion_oxford_pets_0_sweep_numpy__img-none__vec-none__feat-hog__clf-svm_rbf__hp-rbfC1p0_gscale.json
oxford_pets,0,sweep_numpy__img-none__vec-none__feat-hog__clf-svm_rbf__hp-rbfC1p0_g0p01,none,hog,svm_rbf,0.08421913327882256,0.10188081638213205,0.08411420427157383,0.08047708612254453,6.690822375006974,15.507530624978244,3680,3669,experiments/artifacts_task4/model_oxford_pets_0_sweep_numpy__img-none__vec-none__feat-hog__clf-svm_rbf__hp-rbfC1p0_g0p01.joblib,experiments/artifacts_task4/confusion_oxford_pets_0_sweep_numpy__img-none__vec-none__feat-hog__clf-svm_rbf__hp-rbfC1p0_g0p01.json
oxford_pets,0,sweep_numpy__img-none__vec-none__feat-hog__clf-svm_rbf__hp-rbfC1p0_g0p1,none,hog,svm_rbf,0.10438811665303897,0.10147130392219089,0.10413122844590136,0.0959253359506054,7.009388250065967,15.045204458991066,3680,3669,experiments/artifacts_task4/model_oxford_pets_0_sweep_numpy__img-none__vec-none__feat-hog__clf-svm_rbf__hp-rbfC1p0_g0p1.joblib,experiments/artifacts_task4/confusion_oxford_pets_0_sweep_numpy__img-none__vec-none__feat-hog__clf-svm_rbf__hp-rbfC1p0_g0p1.json
oxford_pets,0,sweep_numpy__img-none__vec-none__feat-hog__clf-svm_rbf__hp-rbfC10p0_gscale,none,hog,svm_rbf,0.1060234396293268,0.1025518871296421,0.10618316840562046,0.10313167111942462,6.920471040997654,15.584728042129427,3680,3669,experiments/artifacts_task4/model_oxford_pets_0_sweep_numpy__img-none__vec-none__feat-hog__clf-svm_rbf__hp-rbfC10p0_gscale.joblib,experiments/artifacts_task4/confusion_oxford_pets_0_sweep_numpy__img-none__vec-none__feat-hog__clf-svm_rbf__hp-rbfC10p0_gscale.json
oxford_pets,0,sweep_numpy__img-none__vec-none__feat-hog__clf-svm_rbf__hp-rbfC10p0_g0p01,none,hog,svm_rbf,0.09566639411283728,0.09529816656498073,0.09569196291118814,0.09452052684521449,6.870307832956314,15.514187708031386,3680,3669,experiments/artifacts_task4/model_oxford_pets_0_sweep_numpy__img-none__vec-none__feat-hog__clf-svm_rbf__hp-rbfC10p0_g0p01.joblib,experiments/artifacts_task4/confusion_oxford_pets_0_sweep_numpy__img-none__vec-none__feat-hog__clf-svm_rbf__hp-rbfC10p0_g0p01.json
oxford_pets,0,sweep_numpy__img-none__vec-none__feat-hog__clf-svm_rbf__hp-rbfC10p0_g0p1,none,hog,svm_rbf,0.10847642409375852,0.1025638613340797,0.10849411054074223,0.10127181311790803,6.9279497500974685,15.431337124900892,3680,3669,experiments/artifacts_task4/model_oxford_pets_0_sweep_numpy__img-none__vec-none__feat-hog__clf-svm_rbf__hp-rbfC10p0_g0p1.joblib,experiments/artifacts_task4/confusion_oxford_pets_0_sweep_numpy__img-none__vec-none__feat-hog__clf-svm_rbf__hp-rbfC10p0_g0p1.json
oxford_pets,0,sweep_numpy__img-none__vec-none__feat-hog__clf-logreg__hp-default,none,hog,logreg,0.08803488689016081,0.08766245587813216,0.08785543608349783,0.08731636921549399,4.873114583082497,0.007824749918654561,3680,3669,experiments/artifacts_task4/model_oxford_pets_0_sweep_numpy__img-none__vec-none__feat-hog__clf-logreg__hp-default.joblib,experiments/artifacts_task4/confusion_oxford_pets_0_sweep_numpy__img-none__vec-none__feat-hog__clf-logreg__hp-default.json
oxford_pets,0,sweep_numpy__img-none__vec-none__feat-hog_pca__clf-random_forest__hp-rfN200_dnone,none,hog+pca,random_forest,0.07358953393295176,0.0714468711946818,0.07367309286258168,0.07106399834192732,4.183383082970977,0.03916483395732939,3680,3669,experiments/artifacts_task4/model_oxford_pets_0_sweep_numpy__img-none__vec-none__feat-hog_pca__clf-random_forest__hp-rfN200_dnone.joblib,experiments/artifacts_task4/confusion_oxford_pets_0_sweep_numpy__img-none__vec-none__feat-hog_pca__clf-random_forest__hp-rfN200_dnone.json
oxford_pets,0,sweep_numpy__img-none__vec-none__feat-hog_pca__clf-random_forest__hp-rfN200_d20,none,hog+pca,random_forest,0.068411011174707,0.06608856528372384,0.06850104869937405,0.06538256455900097,3.930941249942407,0.036277833161875606,3680,3669,experiments/artifacts_task4/model_oxford_pets_0_sweep_numpy__img-none__vec-none__feat-hog_pca__clf-random_forest__hp-rfN200_d20.joblib,experiments/artifacts_task4/confusion_oxford_pets_0_sweep_numpy__img-none__vec-none__feat-hog_pca__clf-random_forest__hp-rfN200_d20.json
oxford_pets,0,sweep_numpy__img-none__vec-none__feat-hog_pca__clf-random_forest__hp-rfN500_dnone,none,hog+pca,random_forest,0.08122104115562824,0.08207197671362469,0.08133582741457838,0.07892117655410602,5.919783833902329,0.07098987489007413,3680,3669,experiments/artifacts_task4/model_oxford_pets_0_sweep_numpy__img-none__vec-none__feat-hog_pca__clf-random_forest__hp-rfN500_dnone.joblib,experiments/artifacts_task4/confusion_oxford_pets_0_sweep_numpy__img-none__vec-none__feat-hog_pca__clf-random_forest__hp-rfN500_dnone.json
oxford_pets,0,sweep_numpy__img-none__vec-none__feat-hog_pca__clf-random_forest__hp-rfN500_d20,none,hog+pca,random_forest,0.07495230307985827,0.07603382946056195,0.0750926385678417,0.07136613440205254,5.438067915849388,0.07134308316744864,3680,3669,experiments/artifacts_task4/model_oxford_pets_0_sweep_numpy__img-none__vec-none__feat-hog_pca__clf-random_forest__hp-rfN500_d20.joblib,experiments/artifacts_task4/confusion_oxford_pets_0_sweep_numpy__img-none__vec-none__feat-hog_pca__clf-random_forest__hp-rfN500_d20.json
oxford_pets,0,sweep_numpy__img-none__vec-none__feat-hog_pca__clf-svm_linear__hp-svmC0p1,none,hog+pca,svm_linear,0.08994276369582993,0.09039647603357033,0.0899042632197801,0.08915159011881273,3.517190125072375,0.570479542016983,3680,3669,experiments/artifacts_task4/model_oxford_pets_0_sweep_numpy__img-none__vec-none__feat-hog_pca__clf-svm_linear__hp-svmC0p1.joblib,experiments/artifacts_task4/confusion_oxford_pets_0_sweep_numpy__img-none__vec-none__feat-hog_pca__clf-svm_linear__hp-svmC0p1.json
oxford_pets,0,sweep_numpy__img-none__vec-none__feat-hog_pca__clf-svm_linear__hp-svmC1p0,none,hog+pca,svm_linear,0.08340147179067865,0.08315667346193338,0.08329589816517056,0.08261979056562692,3.7614295410458,0.5707554582040757,3680,3669,experiments/artifacts_task4/model_oxford_pets_0_sweep_numpy__img-none__vec-none__feat-hog_pca__clf-svm_linear__hp-svmC1p0.joblib,experiments/artifacts_task4/confusion_oxford_pets_0_sweep_numpy__img-none__vec-none__feat-hog_pca__clf-svm_linear__hp-svmC1p0.json
oxford_pets,0,sweep_numpy__img-none__vec-none__feat-hog_pca__clf-svm_linear__hp-svmC10p0,none,hog+pca,svm_linear,0.08258381030253475,0.0819787121988926,0.08242235300591111,0.08155465019820113,4.634223958011717,0.5667921670246869,3680,3669,experiments/artifacts_task4/model_oxford_pets_0_sweep_numpy__img-none__vec-none__feat-hog_pca__clf-svm_linear__hp-svmC10p0.joblib,experiments/artifacts_task4/confusion_oxford_pets_0_sweep_numpy__img-none__vec-none__feat-hog_pca__clf-svm_linear__hp-svmC10p0.json
oxford_pets,0,sweep_numpy__img-none__vec-none__feat-hog_pca__clf-svm_rbf__hp-rbfC0p1_gscale,none,hog+pca,svm_rbf,0.08994276369582993,0.07753720705868784,0.0894243174821024,0.07724256100700652,3.651739292079583,0.9623160408809781,3680,3669,experiments/artifacts_task4/model_oxford_pets_0_sweep_numpy__img-none__vec-none__feat-hog_pca__clf-svm_rbf__hp-rbfC0p1_gscale.joblib,experiments/artifacts_task4/confusion_oxford_pets_0_sweep_numpy__img-none__vec-none__feat-hog_pca__clf-svm_rbf__hp-rbfC0p1_gscale.json
